{
	"animations": [
		{
			"loop": false,
			"offsets": [
				399,
				69
			],
			"anim": "idle",
			"fps": 9,
			"name": "tsurektasy idle",
			"indices": []
		},
		{
			"loop": false,
			"offsets": [
				542,
				-1
			],
			"anim": "singLEFT",
			"fps": 24,
			"name": "tsurektasy left",
			"indices": []
		},
		{
			"loop": false,
			"offsets": [
				401,
				-170
			],
			"anim": "singDOWN",
			"fps": 24,
			"name": "tsurektasy down",
			"indices": []
		},
		{
			"loop": false,
			"offsets": [
				116,
				-27
			],
			"anim": "singRIGHT",
			"fps": 24,
			"name": "tsurektasy right",
			"indices": []
		},
		{
			"loop": false,
			"offsets": [
				401,
				107
			],
			"anim": "singUP",
			"fps": 24,
			"name": "tsurektasy up",
			"indices": []
		}
	],
	"no_antialiasing": false,
	"image": "characters/tsurektasy",
	"position": [
		-10,
		-180
	],
	"healthicon": "disposition",
	"flip_x": false,
	"healthbar_colors": [
		34,
		34,
		34
	],
	"camera_position": [
		-720,
		-130
	],
	"sing_duration": 6.1,
	"scale": 1.3
}