<?xml version='1.0' encoding='utf-8'?>
<TextureAtlas imagePath="tsurektasy.png"><SubTexture name="tsurektasy idle0000" x="0" y="0" width="1420" height="931" frameX="0" frameY="0" frameWidth="1420" frameHeight="931" />
<SubTexture name="tsurektasy idle0001" x="1420" y="0" width="1420" height="931" frameX="0" frameY="0" frameWidth="1420" frameHeight="931" />
<SubTexture name="tsurektasy idle0002" x="2840" y="0" width="1420" height="931" frameX="0" frameY="0" frameWidth="1420" frameHeight="931" />
<SubTexture name="tsurektasy idle0003" x="4260" y="0" width="1420" height="931" frameX="0" frameY="0" frameWidth="1420" frameHeight="931" />
<SubTexture name="tsurektasy idle0004" x="0" y="931" width="1420" height="931" frameX="0" frameY="0" frameWidth="1420" frameHeight="931" />
<SubTexture name="tsurektasy down0000" x="1420" y="931" width="1420" height="931" frameX="0" frameY="0" frameWidth="1420" frameHeight="931" />
<SubTexture name="tsurektasy down0001" x="2840" y="931" width="1420" height="931" frameX="0" frameY="0" frameWidth="1420" frameHeight="931" />
<SubTexture name="tsurektasy down0002" x="4260" y="931" width="1420" height="931" frameX="0" frameY="0" frameWidth="1420" frameHeight="931" />
<SubTexture name="tsurektasy left0000" x="0" y="1862" width="1420" height="931" frameX="0" frameY="0" frameWidth="1420" frameHeight="931" />
<SubTexture name="tsurektasy left0001" x="1420" y="1862" width="1420" height="931" frameX="0" frameY="0" frameWidth="1420" frameHeight="931" />
<SubTexture name="tsurektasy left0002" x="2840" y="1862" width="1420" height="931" frameX="0" frameY="0" frameWidth="1420" frameHeight="931" />
<SubTexture name="tsurektasy right0000" x="4260" y="1862" width="1420" height="931" frameX="0" frameY="0" frameWidth="1420" frameHeight="931" />
<SubTexture name="tsurektasy right0001" x="0" y="2793" width="1420" height="931" frameX="0" frameY="0" frameWidth="1420" frameHeight="931" />
<SubTexture name="tsurektasy right0002" x="1420" y="2793" width="1420" height="931" frameX="0" frameY="0" frameWidth="1420" frameHeight="931" />
<SubTexture name="tsurektasy up0000" x="2840" y="2793" width="1420" height="931" frameX="0" frameY="0" frameWidth="1420" frameHeight="931" />
<SubTexture name="tsurektasy up0001" x="4260" y="2793" width="1420" height="931" frameX="0" frameY="0" frameWidth="1420" frameHeight="931" />
<SubTexture name="tsurektasy up0002" x="0" y="3724" width="1420" height="931" frameX="0" frameY="0" frameWidth="1420" frameHeight="931" />
<SubTexture name="tsurektasy up0003" x="1420" y="3724" width="1420" height="931" frameX="0" frameY="0" frameWidth="1420" frameHeight="931" />
</TextureAtlas>
